moyen_positive,moyen_negative,moyen_neutre
0.16140710382513662,0.6269125683060109,0.21168032786885246
